City_ID,City,Cloudiness,Country,Date,Humidity,Lat,Max Temp,Wind Speed,lng
0,estelle,40,US,1542485700,48,32.87,69.98,16.11,-97.01
1,pisco,0,PE,1542484800,30,-13.71,71.6,19.46,-76.2
2,bogorodskoye,80,RU,1542487143,74,52.37,22.29,8.95,140.44
3,muroto,8,JP,1542487143,100,33.37,51.22,9.06,134.14
4,provideniya,68,RU,1542487143,100,64.42,33.45,18.34,-173.23
5,albany,90,US,1542484440,54,42.65,42.08,11.41,-73.75
6,berlevag,75,NO,1542484200,59,70.86,37.4,17.22,29.09
7,kaitangata,20,NZ,1542487144,81,-46.28,52.17,17.34,169.85
8,pathalgaon,0,IN,1542487145,82,22.56,54.6,3.02,83.46
9,rikitea,0,PF,1542487145,99,-23.12,76.29,12.19,-134.97
10,svalyava,12,UA,1542484800,69,48.55,37.4,3.36,22.99
11,half moon bay,1,US,1542484800,76,37.46,62.6,5.82,-122.43
12,kavaratti,88,IN,1542487146,100,10.57,79.12,13.98,72.64
13,severo-kurilsk,44,RU,1542487146,100,50.68,35.29,14.99,156.12
14,marzuq,48,YE,1542487146,35,14.4,52.21,3.36,46.47
15,paulo afonso,0,BR,1542487146,30,-9.4,90.6,15.1,-38.23
16,nikolskoye,0,RU,1542484800,81,59.7,42.8,17.9,30.79
17,chokurdakh,56,RU,1542487147,68,70.62,-9.13,3.36,147.9
18,jiuquan,0,CN,1542487147,54,39.73,-1.57,2.68,98.49
19,kendari,88,ID,1542487148,98,-3.99,72.19,2.91,122.52
20,ushuaia,20,AR,1542484800,34,-54.81,51.8,5.82,-68.31
21,bredasdorp,0,ZA,1542484800,59,-34.53,62.6,3.36,20.04
22,barrow,36,AR,1542487149,96,-38.31,56.26,22.26,-60.23
23,ribeira grande,40,PT,1542484800,58,38.52,57.2,6.93,-28.7
24,kapaa,90,US,1542484560,62,22.08,80.06,21.92,-159.32
25,saskylakh,56,RU,1542487149,64,71.97,-8.23,5.37,114.09
26,vaini,20,IN,1542487150,93,15.34,68.77,1.68,74.49
27,ostrovnoy,92,RU,1542487150,97,68.05,34.17,32.66,39.51
28,hermanus,24,ZA,1542487150,76,-34.42,56.44,6.38,19.24
29,kasongo-lunda,44,CD,1542487150,93,-6.48,71.34,2.24,16.82
30,fortuna,40,ES,1542484800,87,38.18,62.6,5.82,-1.13
31,arraial do cabo,20,BR,1542484800,69,-22.97,78.8,9.17,-42.02
32,bilma,0,NE,1542487151,33,18.69,58.92,5.48,12.92
33,puerto ayora,20,EC,1542484800,57,-0.74,80.6,20.8,-90.35
34,hobart,75,AU,1542484800,66,-42.88,53.6,5.82,147.33
35,flinders,0,AU,1542484800,100,-34.58,55.4,4.7,150.85
36,moose factory,90,CA,1542485040,60,51.26,10.4,20.8,-80.61
37,mataura,88,NZ,1542487153,100,-46.19,45.42,17.0,168.86
38,ponta do sol,44,BR,1542487153,54,-20.63,78.94,10.18,-46.0
39,tallahassee,40,US,1542484500,40,30.44,68.0,6.93,-84.28
40,carnarvon,12,ZA,1542487154,23,-30.97,63.15,6.71,22.13
41,zabaykalsk,0,CN,1542487154,58,49.64,0.64,7.94,117.33
42,punta arenas,0,CL,1542484800,70,-53.16,57.2,21.92,-70.91
43,salalah,20,OM,1542484200,74,17.01,78.8,3.36,54.1
44,jamestown,0,AU,1542487156,44,-33.21,54.46,6.93,138.6
45,tucuman,8,PE,1542487156,42,-17.17,70.44,3.91,-70.89
46,bluff,64,AU,1542487156,77,-23.58,72.87,8.95,149.07
47,aguimes,20,ES,1542484800,68,27.91,68.0,17.22,-15.45
48,port alfred,64,ZA,1542487157,89,-33.59,64.23,6.93,26.89
49,rawson,88,AR,1542487157,33,-43.3,66.39,8.95,-65.11
50,havoysund,44,NO,1542484200,86,71.0,37.4,12.75,24.66
51,ilulissat,75,GL,1542484200,85,69.22,21.2,17.22,-51.1
52,ornskoldsvik,0,SE,1542484200,100,63.29,42.8,8.05,18.72
53,del rio,1,US,1542484560,45,29.36,69.98,6.93,-100.9
54,taksimo,44,RU,1542487159,60,56.36,-9.49,2.57,114.84
55,klaksvik,8,FO,1542484200,87,62.23,46.4,18.34,-6.59
56,nome,40,US,1542485700,48,30.04,71.06,8.05,-94.42
57,camden,40,US,1542485700,85,39.94,48.92,8.05,-75.12
58,luanda,20,AO,1542484800,83,-8.83,78.8,9.17,13.24
59,thompson,75,CA,1542484800,71,55.74,5.0,9.17,-97.86
60,george,20,NG,1542484800,88,6.63,82.4,3.36,3.35
61,saint-philippe,90,CA,1542486480,69,45.36,35.6,10.29,-73.48
62,banon,0,FR,1542484800,93,44.04,46.4,4.7,5.63
63,palora,76,EC,1542487162,96,-1.7,69.04,3.02,-77.97
64,tuktoyaktuk,75,CA,1542484800,77,69.44,-2.21,19.46,-133.03
65,ilebo,12,CD,1542487162,93,-4.33,74.4,2.13,20.59
66,victoria,75,BN,1542484800,94,5.28,75.2,2.24,115.24
67,port hardy,20,CA,1542484800,81,50.7,44.6,2.24,-127.42
68,escanaba,90,US,1542484560,50,45.75,28.94,6.93,-87.06
69,torgau,0,DE,1542484200,75,51.56,32.0,13.87,13.0
70,vila do maio,20,CV,1542484800,69,15.13,75.2,13.87,-23.22
71,finnsnes,24,NO,1542484200,93,69.23,37.4,8.05,17.98
72,falam,0,MM,1542487165,88,22.91,46.95,1.9,93.68
73,hilo,75,US,1542484560,84,19.71,75.92,6.93,-155.08
74,waterloo,90,CA,1542486360,86,43.47,33.8,13.87,-80.52
75,talnakh,68,RU,1542487166,84,69.49,7.08,9.51,88.39
76,lata,48,IN,1542487166,68,30.78,30.48,1.9,78.62
77,avarua,40,CK,1542484800,83,-21.21,82.4,5.82,-159.78
78,busselton,64,AU,1542487167,100,-33.64,61.89,13.42,115.35
79,katsuura,0,JP,1542487167,100,33.93,49.06,6.04,134.5
80,kahului,75,US,1542484560,90,20.89,77.0,18.34,-156.47
81,pangnirtung,20,CA,1542484800,59,66.15,-0.41,4.7,-65.72
82,kavieng,92,PG,1542486949,100,-2.57,82.36,3.36,150.8
83,atuona,8,PF,1542487168,100,-9.8,80.74,16.55,-139.03
84,upernavik,88,GL,1542487169,100,72.79,24.27,13.2,-56.15
85,villa sandino,40,NI,1542484800,59,12.05,89.6,9.17,-84.99
86,port keats,68,AU,1542487146,100,-14.25,72.46,12.19,129.55
87,sabha,100,LY,1542487169,23,27.03,73.32,12.41,14.43
88,kaeo,44,NZ,1542487170,58,-35.1,66.16,0.56,173.78
89,georgetown,40,GY,1542484800,74,6.8,84.2,16.11,-58.16
90,fairbanks,1,US,1542484680,86,64.84,2.48,5.26,-147.72
91,saint george,90,GR,1542484200,87,39.45,50.0,3.36,22.34
92,butaritari,48,KI,1542487172,100,3.07,84.61,9.73,172.79
93,mana,75,RS,1542484800,74,43.52,35.6,4.7,20.24
94,faya,0,SA,1542484800,47,18.39,59.0,3.36,42.45
95,portland,1,US,1542484380,38,45.52,59.0,23.04,-122.67
96,nalut,92,LY,1542487173,98,31.86,53.47,4.36,10.98
97,tiksi,0,RU,1542487173,72,71.64,-10.66,6.38,128.87
98,geraldton,75,CA,1542484800,60,49.72,10.4,9.17,-86.95
99,tezu,44,IN,1542487174,100,27.93,49.96,1.57,96.16
100,san cristobal,75,EC,1542484800,56,-0.39,68.0,12.75,-78.55
101,margate,75,AU,1542484800,66,-43.03,53.6,5.82,147.26
102,miri,0,NG,1542487175,61,10.31,66.79,3.36,9.75
103,saint-joseph,0,FR,1542484800,40,43.56,55.4,5.82,6.97
104,kodiak,90,US,1542484380,81,39.95,35.96,18.34,-94.76
105,yellowknife,75,CA,1542484800,83,62.45,-5.81,4.7,-114.38
106,karangampel,76,ID,1542487176,100,-6.46,80.11,6.49,108.44
107,katherine,40,AU,1542484800,94,-14.47,71.6,6.93,132.26
108,mortka,36,RU,1542487177,94,59.33,18.55,3.02,66.02
109,ampanihy,0,MG,1542487177,48,-24.69,74.35,6.71,44.75
110,vizinga,92,RU,1542487178,98,61.08,37.14,5.14,50.08
111,barrhead,20,CA,1542487178,75,54.12,27.46,11.18,-114.4
112,ishinomaki,0,JP,1542487178,100,38.42,47.17,10.07,141.3
113,timizart,68,DZ,1542487178,100,36.8,49.74,1.9,4.25
114,beterou,64,BJ,1542487179,49,9.2,83.8,7.27,2.26
115,vardo,1,US,1542485700,55,39.62,46.4,8.05,-77.74
116,port elizabeth,1,US,1542484560,49,39.31,50.0,12.75,-74.98
117,grand-lahou,0,CI,1542487180,84,5.24,79.21,6.15,-5.0
118,makat,56,KZ,1542487180,75,47.65,17.56,4.59,53.35
119,sinnamary,92,GF,1542487180,100,5.38,79.17,9.62,-52.96
120,pangai,0,TO,1542487180,100,-19.8,74.94,5.7,-174.35
121,dicabisagan,100,PH,1542487181,100,17.08,75.75,4.59,122.42
122,ancud,92,CL,1542487181,81,-41.87,54.1,8.05,-73.83
123,codrington,88,AU,1542487181,100,-28.95,62.34,6.38,153.24
124,mudon,8,MM,1542487182,95,16.26,75.61,2.13,97.73
125,lagoa,20,PT,1542484800,82,37.14,64.4,20.8,-8.45
126,meulaboh,88,ID,1542487182,100,4.14,78.49,4.59,96.13
127,camrose,20,CA,1542484800,67,53.01,21.2,8.05,-112.84
128,plettenberg bay,0,ZA,1542487183,100,-34.05,60.94,3.8,23.37
129,new norfolk,75,AU,1542484800,66,-42.78,53.6,5.82,147.06
130,takoradi,56,GH,1542487184,98,4.89,82.27,6.15,-1.75
131,dobryanka,90,RU,1542484800,100,58.45,30.2,6.71,56.42
132,aksu,90,KZ,1542484800,100,52.04,21.2,8.95,76.93
133,ahuimanu,90,US,1542484620,79,21.44,80.06,17.22,-157.84
134,mugur-aksy,8,RU,1542487185,64,50.38,-19.66,2.35,90.44
135,biak,8,ID,1542487185,96,-0.91,78.94,2.91,122.88
136,ivanteyevka,90,RU,1542484800,88,55.97,33.8,11.18,37.92
137,cabo san lucas,40,MX,1542483600,41,22.89,80.6,14.99,-109.91
138,svetlogorsk,90,RU,1542484800,74,53.14,30.2,6.71,59.15
139,kita,90,JP,1542485460,76,35.76,55.4,9.17,139.74
140,dalianwan,0,CN,1542484800,100,39.03,39.2,2.24,121.69
141,sosua,20,DO,1542484800,79,19.77,89.6,9.17,-70.52
142,port hedland,36,AU,1542484800,74,-20.31,78.8,3.36,118.58
143,komsomolskiy,92,RU,1542487187,89,67.55,20.67,13.65,63.78
144,guerrero negro,0,MX,1542487188,50,27.97,71.97,7.94,-114.04
145,southbridge,90,US,1542484560,64,42.08,46.94,6.93,-72.03
146,bubaque,0,GW,1542484800,58,11.28,82.4,4.7,-15.83
147,namatanai,88,PG,1542487188,100,-3.66,77.73,9.51,152.44
148,salta,40,AR,1542484800,38,-24.79,91.4,17.22,-65.41
149,praia da vitoria,40,PT,1542484800,76,38.73,55.4,17.22,-27.07
150,san quintin,44,PH,1542487190,82,17.54,69.9,3.36,120.52
151,porosozero,92,RU,1542487190,96,62.72,38.85,11.63,32.71
152,cape town,20,ZA,1542484800,63,-33.93,62.6,20.8,18.42
153,nanortalik,0,GL,1542487190,94,60.14,32.41,34.11,-45.24
154,terrace,90,CA,1542484800,93,54.52,35.6,1.34,-128.61
155,khazar,92,RU,1542487191,100,41.99,52.17,9.28,48.34
156,praia,20,BR,1542484800,51,-20.25,80.6,11.41,-43.81
157,bereznik,88,RU,1542487192,95,62.86,36.6,7.27,42.71
158,namibe,0,AO,1542487192,100,-15.19,74.04,4.14,12.15
159,alofi,40,NU,1542484800,74,-19.06,80.6,6.93,-169.92
160,nizhnevartovsk,90,RU,1542484800,84,60.93,5.0,4.47,76.58
161,hasaki,40,JP,1542484800,93,35.73,48.2,9.17,140.83
162,vila franca do campo,40,PT,1542484800,71,37.72,55.4,8.05,-25.43
163,rio gallegos,75,AR,1542484800,41,-51.62,60.8,25.28,-69.22
164,mar del plata,88,AR,1542486957,31,-46.43,68.1,4.59,-67.52
165,narsaq,75,GL,1542484200,86,60.91,26.6,2.24,-46.05
166,chuy,100,UY,1542487182,99,-33.69,68.77,12.41,-53.46
167,east london,92,ZA,1542487020,100,-33.02,66.39,9.95,27.91
168,hobyo,20,SO,1542487195,93,5.35,75.75,10.96,48.53
169,davila,24,PH,1542487195,100,18.47,78.99,9.28,120.58
170,itamaraca,40,BR,1542484800,74,-7.75,82.4,13.87,-34.83
171,pochutla,40,MX,1542483900,62,15.74,87.8,6.71,-96.47
172,puchezh,88,RU,1542487196,100,56.98,33.72,13.87,43.17
173,loudi,92,CN,1542487197,100,27.73,46.27,12.97,112.0
174,kedougou,32,SN,1542487197,47,12.56,80.11,8.05,-12.19
175,shakiso,92,ET,1542487197,100,5.77,57.97,2.68,38.9
176,novyy urengoy,92,RU,1542487197,90,66.08,19.68,12.75,76.63
177,esperance,20,TT,1542484800,83,10.24,82.4,11.41,-61.45
178,kapit,100,MY,1542487198,99,2.02,71.52,2.57,112.94
179,pacific grove,1,US,1542484920,68,36.62,64.4,3.36,-121.92
180,saint-felicien,75,CA,1542484800,58,48.65,26.6,16.11,-72.45
181,lazaro cardenas,20,MX,1542484080,21,28.39,69.8,10.29,-105.62
182,senanga,8,ZM,1542487199,60,-16.1,74.58,2.57,23.3
183,chizhou,92,CN,1542487199,100,30.67,49.87,8.84,117.49
184,nabire,8,ID,1542487200,93,-3.36,66.48,2.91,135.5
185,touros,0,BR,1542487200,77,-5.2,80.97,16.33,-35.46
186,souillac,90,FR,1542484800,87,45.6,46.4,10.29,-0.6
187,lerwick,0,GB,1542484200,87,60.15,48.2,20.8,-1.15
188,keti bandar,0,PK,1542487201,97,24.14,80.25,8.61,67.45
189,chicaman,92,GT,1542487201,100,15.4,63.1,0.78,-90.73
190,nouakchott,92,MR,1542487202,100,18.08,69.0,13.98,-15.98
191,torbay,90,CA,1542485580,100,47.66,33.8,31.09,-52.73
192,houma,88,CN,1542487202,100,35.63,28.59,2.01,111.36
193,dikson,76,RU,1542487202,100,73.51,8.65,8.39,80.55
194,port macquarie,75,AU,1542484800,100,-31.43,60.8,5.82,152.91
195,faanui,68,PF,1542487203,100,-16.48,81.69,13.76,-151.75
196,turrialba,20,CR,1542484800,57,9.91,84.2,10.29,-83.68
197,coihaique,75,CL,1542484800,47,-45.58,57.2,9.17,-72.07
198,walvis bay,24,NA,1542484800,68,-22.95,64.4,13.87,14.51
199,bambanglipuro,76,ID,1542487204,98,-7.95,73.5,2.57,110.28
200,clyde river,20,CA,1542484800,75,70.47,-20.21,10.29,-68.59
201,hithadhoo,0,MV,1542487205,100,-0.6,81.6,12.3,73.08
202,lubao,75,PH,1542484800,83,14.94,77.0,4.7,120.6
203,jalu,20,LY,1542487206,33,29.03,62.88,12.19,21.55
204,kortkeros,90,RU,1542484800,100,61.81,33.8,4.47,51.56
205,ustye,0,RU,1542487206,94,58.76,39.7,14.32,27.79
206,araouane,56,ML,1542487207,32,18.9,74.49,7.72,-3.53
207,balabac,76,PH,1542487207,100,7.99,82.23,6.71,117.06
208,tasiilaq,90,GL,1542484200,80,65.61,39.2,31.09,-37.64
209,el alto,75,BO,1542484800,29,-16.5,60.8,10.29,-68.19
210,san vicente,0,SV,1542484200,58,13.64,91.4,9.17,-88.78
211,tsiroanomandidy,76,MG,1542487209,88,-18.77,65.58,4.14,46.05
212,staryy nadym,88,RU,1542487210,91,65.61,20.62,10.4,72.68
213,poshekhonye,64,RU,1542487210,98,58.5,36.37,10.29,39.12
214,galesong,40,ID,1542484800,100,-5.32,75.2,3.36,119.37
215,zhucheng,40,CN,1542484800,93,30.85,46.4,6.71,114.8
216,beisfjord,0,NO,1542484200,99,68.38,33.8,4.7,17.6
217,usinsk,92,RU,1542487211,97,66.0,30.97,9.4,57.56
218,amazar,56,RU,1542487212,71,53.86,-12.01,3.47,120.88
219,sinop,88,TR,1542487212,100,42.03,52.66,3.47,35.15
220,muli,0,IN,1542487212,56,22.62,60.67,1.68,71.45
221,homer,90,US,1542484800,89,59.64,39.92,3.36,-151.54
222,mount isa,40,AU,1542484800,65,-20.73,77.0,2.24,139.49
223,broome,0,GB,1542484560,87,52.47,46.4,8.05,1.45
224,camacha,40,PT,1542484800,82,33.08,62.6,23.04,-16.33
225,uribia,0,CO,1542487214,54,11.71,88.66,19.8,-72.27
226,norman wells,75,CA,1542484800,61,65.28,14.0,26.4,-126.83
227,coahuayana,0,MX,1542487215,35,18.62,83.94,2.91,-100.35
228,kudahuvadhoo,64,MV,1542487215,100,2.67,81.33,12.08,72.89
229,sao jose da coroa grande,92,BR,1542487215,87,-8.9,78.76,10.51,-35.15
230,mataram,36,ID,1542487215,91,-5.32,75.57,2.57,105.06
231,karlstad,0,SE,1542484200,93,59.38,41.0,4.7,13.5
232,comarapa,20,BO,1542487216,48,-17.91,76.92,3.24,-64.53
233,samarai,32,PG,1542487217,100,-10.62,79.8,11.86,150.67
234,duldurga,0,RU,1542487217,65,50.67,-2.2,6.38,113.59
235,goderich,88,CA,1542486962,90,43.74,35.2,11.41,-81.71
236,kang,24,BW,1542487217,26,-23.67,77.19,6.93,22.79
237,porbandar,0,IN,1542487218,81,21.64,72.19,7.94,69.61
238,saraland,75,US,1542484560,39,30.82,68.0,4.7,-88.07
239,langsa,100,ID,1542487218,100,4.47,70.8,2.01,97.97
240,grindavik,90,IS,1542484800,93,63.84,50.0,34.45,-22.43
241,male,0,UA,1542487219,65,50.74,13.38,2.91,33.7
242,bam,0,IR,1542487219,68,29.11,50.5,4.7,58.36
243,bethel,90,US,1542484380,100,60.79,33.08,6.93,-161.76
244,nishihara,90,JP,1542485460,76,35.74,55.4,9.17,139.53
245,qaanaaq,20,GL,1542487221,100,77.48,-3.14,10.85,-69.36
246,mahajanga,40,MG,1542484800,88,-15.72,80.6,2.24,46.32
247,verkhnyaya inta,68,RU,1542487222,87,65.99,28.95,4.59,60.32
248,bambous virieux,40,MU,1542484800,83,-20.34,73.4,9.17,57.76
249,sola,90,NO,1542484200,100,58.89,42.8,5.82,5.65
250,bukavu,80,CD,1542487223,100,-2.51,57.57,2.91,28.86
251,chicama,20,PE,1542484800,73,-7.84,69.8,13.87,-79.15
252,shafter,1,US,1542484560,25,35.5,68.0,4.7,-119.27
253,entebbe,20,UG,1542483000,94,0.06,69.8,3.36,32.45
254,broken hill,0,AU,1542487224,41,-31.97,59.82,6.04,141.45
255,abu samrah,76,SY,1542487224,84,35.3,49.74,7.16,37.18
256,leningradskiy,64,RU,1542487224,100,69.38,10.5,20.13,178.42
257,karratha,0,AU,1542487225,23,-20.74,85.06,16.89,116.85
258,hambantota,80,LK,1542487225,100,6.12,76.87,7.49,81.12
259,gravdal,75,NO,1542484200,93,59.79,42.8,6.93,5.78
260,slave lake,1,CA,1542484800,100,55.28,21.2,10.29,-114.77
261,isangel,68,VU,1542487226,100,-19.55,74.62,9.28,169.27
262,orahovac,75,XK,1542484800,51,42.4,37.4,6.93,20.65
263,gore,88,ET,1542487227,95,8.15,60.63,2.68,35.53
264,malindi,0,KE,1542484800,88,-3.22,80.6,5.93,40.12
265,san juan,20,PH,1542484800,100,14.6,77.0,3.36,121.03
266,nelspruit,24,ZA,1542484800,78,-25.48,71.6,12.75,30.98
267,baker city,1,US,1542484380,53,44.77,44.06,1.9,-117.83
268,ulaanbaatar,0,MN,1542484800,76,47.92,-4.01,2.24,106.92
269,mahebourg,40,MU,1542484800,83,-20.41,73.4,9.17,57.7
270,rio branco,40,BR,1542484800,78,-9.98,82.4,10.29,-67.82
271,brae,0,GB,1542484200,87,60.4,48.2,20.8,-1.35
272,cayenne,0,GF,1542486600,74,4.94,84.2,10.29,-52.33
273,wukari,20,NG,1542487231,38,7.87,80.97,5.14,9.78
274,lasa,20,CY,1542484800,63,34.92,64.4,11.41,32.53
275,balakhta,32,RU,1542487231,100,55.38,-8.59,2.68,91.62
276,bend,1,US,1542485700,49,44.06,46.94,3.36,-121.32
277,moss vale,0,AU,1542484800,100,-34.55,55.4,4.7,150.37
278,talaya,76,RU,1542487232,87,55.79,12.03,6.49,84.89
279,pekalongan,56,ID,1542487232,100,-6.89,83.49,3.36,109.67
280,soke,0,ML,1542487233,59,13.6,77.86,2.46,-5.94
281,dawlatabad,92,AF,1542487233,97,36.41,45.6,2.8,64.91
282,lastoursville,80,GA,1542487233,99,-0.81,70.98,1.68,12.73
283,salacgriva,0,LV,1542487233,91,57.75,41.64,13.42,24.36
284,coaticook,75,CA,1542485880,100,45.13,33.62,8.05,-71.8
285,saldanha,76,PT,1542487234,91,41.42,45.19,4.25,-6.55
286,laguna,5,MX,1542483600,12,27.52,80.6,3.36,-110.01
287,lososina,0,RU,1542487235,100,49.0,24.22,10.4,140.31
288,auki,0,NG,1542487235,38,12.18,73.72,9.95,6.51
289,college,1,US,1542484680,86,64.86,2.48,5.26,-147.8
290,necochea,44,AR,1542487235,95,-38.55,60.18,18.57,-58.74
291,sao joao da barra,40,BR,1542484800,65,-21.64,80.6,9.17,-41.05
292,sitka,68,US,1542486965,59,37.17,37.36,20.02,-99.65
293,cherskiy,44,RU,1542487237,77,68.75,-17.59,3.69,161.3
294,kruisfontein,0,ZA,1542487237,91,-34.0,59.37,7.72,24.73
295,champerico,75,MX,1542483660,54,16.38,80.6,4.7,-93.6
296,haines junction,100,CA,1542487237,92,60.75,17.97,2.68,-137.51
297,ahipara,68,NZ,1542487069,83,-35.17,62.7,1.45,173.16
298,redmond,1,US,1542485700,46,47.67,53.06,6.93,-122.12
299,vaasa,0,FI,1542484200,70,63.1,42.8,17.22,21.62
300,sinjai,36,ID,1542487238,100,-5.12,74.4,2.35,120.25
301,luderitz,8,NA,1542487238,68,-26.65,60.94,22.48,15.16
302,acapulco,5,MX,1542484260,66,16.86,86.0,6.93,-99.88
303,bensonville,75,LR,1542484800,94,6.45,78.8,5.93,-10.61
304,mabaruma,92,GY,1542487239,87,8.2,80.97,7.61,-59.78
305,qaqortoq,75,GL,1542484200,86,60.72,26.6,2.24,-46.03
306,berezniki,92,RU,1542487240,94,59.41,30.75,9.95,56.8
307,khatanga,88,RU,1542486944,80,71.98,4.06,8.84,102.47
308,bilibino,8,RU,1542487241,70,68.06,-37.16,2.13,166.44
309,pocone,68,BR,1542487241,65,-16.26,89.29,7.83,-56.62
310,lompoc,1,US,1542484680,65,34.64,71.6,10.29,-120.46
311,aykhal,32,RU,1542487241,32,65.95,-23.21,2.68,111.51
312,desaguadero,44,PE,1542487242,29,-16.56,64.5,3.24,-69.04
313,rabo de peixe,40,PT,1542484800,71,37.8,55.4,8.05,-25.58
314,rundu,92,NA,1542487242,18,-17.91,81.1,7.72,19.77
315,tazovskiy,68,RU,1542487242,97,67.47,11.4,19.01,78.7
316,avera,1,US,1542484500,48,33.19,64.94,4.7,-82.53
317,mehamn,75,NO,1542484200,59,71.03,37.4,17.22,27.85
318,hildburghausen,0,DE,1542484200,100,50.43,30.2,3.36,10.73
319,tuatapere,92,NZ,1542487244,100,-46.13,45.19,19.24,167.69
320,bathsheba,40,BB,1542484800,70,13.22,84.2,17.22,-59.52
321,anadyr,90,RU,1542484800,85,64.73,10.4,15.66,177.51
322,banda aceh,48,ID,1542487244,100,5.56,73.72,1.9,95.32
323,castro,76,CL,1542487245,80,-42.48,54.19,7.72,-73.76
324,san patricio,100,PY,1542487245,90,-26.98,79.21,5.37,-56.83
325,reconquista,48,AR,1542487245,89,-29.14,81.19,5.59,-59.64
326,kyren,0,RU,1542487246,30,51.68,-24.07,2.01,102.13
327,lebu,20,ET,1542484800,82,8.96,55.4,4.7,38.73
328,adre,12,TD,1542487246,47,13.47,65.44,5.59,22.2
329,port-gentil,40,GA,1542484800,83,-0.72,82.4,8.05,8.78
330,tecoanapa,5,MX,1542484260,66,16.99,86.0,6.93,-99.26
331,tracy,90,US,1542484560,43,37.74,62.6,5.82,-121.43
332,damghan,0,IR,1542487247,83,36.17,37.81,3.13,54.34
333,taltal,0,CL,1542487248,66,-25.41,70.35,4.25,-70.49
334,tirumullaivasal,24,IN,1542487248,92,11.24,78.31,1.01,79.84
335,coquimbo,0,CL,1542484800,53,-29.95,71.6,18.34,-71.34
336,moerai,88,PF,1542487249,98,-22.43,76.83,19.91,-151.33
337,kloulklubed,92,PW,1542487249,100,7.04,79.39,15.21,134.26
338,menongue,44,AO,1542487249,44,-14.66,73.09,5.14,17.68
339,mersing,88,MY,1542487249,97,2.43,78.72,1.68,103.84
340,dundee,75,GB,1542484200,87,56.46,48.2,11.41,-2.97
341,pirai do sul,68,BR,1542487250,66,-24.53,75.93,8.61,-49.95
342,saint-pierre,0,FR,1542484800,70,48.95,44.6,5.82,4.24
343,itoman,40,JP,1542484800,69,26.12,73.4,4.7,127.67
344,agadez,0,NE,1542487251,25,16.97,65.35,7.27,7.99
345,lang son,92,VN,1542487252,98,21.83,68.5,2.91,106.73
346,vysokogornyy,0,RU,1542487252,63,50.1,7.66,8.16,139.13
347,bud,75,NO,1542484200,93,62.91,46.4,2.24,6.91
348,haradok,80,BY,1542487253,97,55.46,31.29,13.42,29.99
349,airai,32,TL,1542487253,89,-8.93,68.5,1.57,125.41
350,bonavista,92,CA,1542486962,100,48.65,36.78,30.76,-53.11
351,tatvan,36,TR,1542487253,82,38.5,26.07,1.34,42.28
352,cabedelo,75,BR,1542484800,65,-6.97,82.4,14.99,-34.84
353,fort morgan,88,US,1542485100,89,40.25,24.8,23.04,-103.8
354,santa barbara,1,US,1542484620,72,34.42,71.6,8.05,-119.7
355,umm lajj,0,SA,1542487255,100,25.02,69.31,4.59,37.27
356,xinan,40,CN,1542486600,83,22.55,73.4,13.87,113.89
357,dunedin,56,NZ,1542487256,100,-45.87,50.59,4.7,170.5
358,shirokiy,68,RU,1542487257,61,53.87,26.2,13.09,39.17
359,dombarovskiy,36,RU,1542487257,82,50.76,16.21,7.61,59.54
360,rio grande,90,BR,1542484800,94,-32.03,68.0,11.41,-52.1
361,nantucket,90,US,1542485700,55,41.28,48.02,11.41,-70.1
362,kungurtug,20,RU,1542487258,75,50.6,-21.55,2.57,97.53
363,salmo,40,CA,1542484800,56,49.19,41.0,8.05,-117.28
364,srednekolymsk,56,RU,1542487259,65,67.46,-14.08,2.57,153.71
365,poronaysk,0,RU,1542487259,94,49.22,21.03,10.96,143.1
366,jinchang,0,CN,1542487259,75,38.52,8.79,2.35,102.19
367,hami,0,CN,1542487259,76,42.84,16.66,7.61,93.51
368,shingu,24,JP,1542487260,100,33.72,61.12,8.16,135.99
369,yarmouth,20,GB,1542484200,81,50.71,44.6,5.82,-1.5
370,bay roberts,90,CA,1542485580,94,47.58,33.8,31.09,-53.28
371,lorengau,44,PG,1542487260,100,-2.02,82.81,6.15,147.27
372,albanel,75,CA,1542484800,58,48.88,26.6,16.11,-72.44
373,honningsvag,12,NO,1542487261,100,70.98,35.34,7.72,25.97
374,hamilton,90,CA,1542486360,97,43.26,37.4,13.87,-79.87
375,mombetsu,76,JP,1542487262,100,44.35,40.51,15.99,143.35
376,santa maria,90,BR,1542484800,94,-29.69,68.0,6.93,-53.81
377,la palma,68,CO,1542487264,90,5.36,75.12,0.89,-74.39
378,gizo,0,IL,1542484200,82,31.8,64.4,1.12,34.94
379,sijunjung,80,ID,1542487265,96,-0.69,69.63,2.24,100.95
380,pevek,68,RU,1542487265,95,69.7,6.72,4.47,170.27
381,kailua,90,US,1542484620,79,21.39,80.06,17.22,-157.74
382,vanimo,44,PG,1542487266,100,-2.67,81.87,4.14,141.3
383,tiznit,68,MA,1542487266,74,29.7,62.25,8.61,-9.73
384,naze,40,NG,1542484800,88,5.43,80.6,5.82,7.07
385,bluffton,90,US,1542484500,79,40.74,42.08,3.36,-85.17
386,yar-sale,92,RU,1542487268,98,66.83,15.31,18.68,70.83
387,sirajganj,0,BD,1542487268,79,24.46,61.21,2.68,89.71
388,pio xii,88,BR,1542487268,44,-3.89,91.5,7.72,-45.17
389,mayor pablo lagerenza,0,PY,1542487268,49,-19.93,93.93,18.12,-60.77
390,port hawkesbury,90,CA,1542486540,92,45.62,30.2,12.75,-61.36
391,la ronge,20,CA,1542484800,71,55.1,8.6,10.29,-105.3
392,carbonia,40,IT,1542484500,87,39.17,55.4,4.7,8.53
393,channel-port aux basques,32,CA,1542487269,100,47.57,36.24,27.96,-59.14
394,charters towers,24,AU,1542487270,92,-20.07,69.18,6.15,146.27
395,salinas,1,US,1542484920,66,36.67,64.4,5.82,-121.66
396,mumford,32,GH,1542487270,88,5.26,79.89,6.38,-0.76
397,comodoro rivadavia,75,AR,1542484800,31,-45.87,64.4,16.11,-67.48
398,ayan,20,TR,1542487271,75,40.67,18.15,1.79,33.6
399,porto torres,0,IT,1542484200,71,40.84,53.6,9.17,8.4
400,grand gaube,40,MU,1542484800,83,-20.01,73.4,9.17,57.66
401,jilib,56,SO,1542487272,93,0.49,75.57,5.7,42.79
402,vidim,0,CZ,1542484800,55,50.47,33.8,11.41,14.53
403,hazorasp,0,UZ,1542484800,49,41.32,24.8,4.7,61.08
404,ambulu,80,ID,1542487273,100,-8.35,78.45,2.8,113.61
405,zhob,0,PK,1542487273,69,31.34,45.24,5.37,69.45
406,deputatskiy,0,RU,1542487273,32,69.3,-22.99,2.8,139.9
407,kirakira,44,SB,1542487273,100,-10.46,80.92,11.74,161.92
408,terra nova,20,BR,1542484800,70,-12.41,84.2,12.75,-38.62
409,caramay,36,PH,1542487274,100,10.18,80.47,9.62,119.24
410,surgut,90,RU,1542484800,92,61.25,8.6,2.24,73.4
411,dedougou,0,BF,1542487275,55,12.47,77.77,3.58,-3.47
412,pauini,44,BR,1542487276,78,-7.71,85.02,4.59,-67.0
413,vestmannaeyjar,100,IS,1542487276,93,63.44,48.48,37.02,-20.27
414,magadan,40,RU,1542484800,83,59.56,-7.61,2.24,150.8
415,songkhla,40,TH,1542484800,94,7.2,80.6,4.7,100.6
416,panzhihua,0,CN,1542487277,45,26.59,53.43,5.26,101.72
417,husavik,0,CA,1542487277,87,50.56,14.82,18.01,-96.99
418,terney,20,RU,1542487278,100,45.05,31.02,12.97,136.61
419,lukovetskiy,90,RU,1542484800,100,64.29,39.2,6.71,41.92
420,kharan,0,PK,1542487278,84,28.58,51.76,2.46,65.42
421,jacqueville,40,CI,1542484800,83,5.21,82.4,6.93,-4.42
422,zhangye,0,CN,1542487279,52,38.94,11.71,8.39,100.46
423,meadow lake,40,CA,1542484800,72,54.13,12.2,11.41,-108.44
424,khor,44,RU,1542487279,80,47.88,8.56,8.95,134.96
425,vigia,40,PT,1542484800,77,40.51,60.8,3.36,-8.69
426,vostok,44,RU,1542487280,63,46.45,2.58,2.13,135.83
427,lenughi,44,TR,1542484800,80,40.12,33.8,1.12,43.96
428,dehui,0,CN,1542484800,79,44.53,21.2,4.47,125.71
429,harlingen,75,US,1542485700,62,26.19,82.94,19.46,-97.7
430,san luis,88,AR,1542487281,24,-33.3,78.54,13.98,-66.34
431,frontera,40,MX,1542483840,51,18.53,80.6,10.29,-92.64
432,katobu,64,ID,1542487282,100,-4.94,76.69,5.7,122.53
433,kobayashi,0,JP,1542487282,100,32.03,40.47,2.68,131.02
434,mackay,20,CA,1542484800,73,53.65,23.0,10.29,-115.58
435,acajutla,0,SV,1542484200,45,13.59,84.2,5.82,-89.83
436,ballina,0,IE,1542487283,94,54.11,46.59,16.11,-9.15
437,wernigerode,0,DE,1542487284,69,51.83,28.68,5.93,10.79
438,balkanabat,24,TM,1542487284,59,39.51,35.56,3.36,54.36
439,nemuro,24,JP,1542487284,100,43.32,42.18,13.65,145.57
440,morgan city,1,US,1542484560,54,29.7,66.92,4.7,-91.21
441,westport,0,IE,1542487222,94,53.8,48.7,17.67,-9.52
442,karpinsk,92,RU,1542487285,91,59.76,27.69,3.8,60.01
443,bhabua,0,IN,1542487285,74,25.04,61.08,2.35,83.61
444,reguengos de monsaraz,75,PT,1542484800,82,38.42,60.8,20.8,-7.53
445,seydi,8,NE,1542487286,44,13.34,69.22,6.04,7.75
446,ocos,20,GT,1542484800,52,14.51,91.4,6.93,-92.19
447,byron bay,75,AU,1542484800,93,-28.65,66.2,9.17,153.62
448,iquitos,75,PE,1542484800,319,-3.75,42.8,9.17,-73.25
449,sebrovo,0,RU,1542487287,60,50.1,10.54,2.91,43.3
450,saint paul,1,US,1542485700,49,44.95,28.4,5.82,-93.1
451,ballitoville,88,ZA,1542487288,96,-29.54,65.4,8.39,31.21
452,zubtsov,88,RU,1542487288,91,56.17,32.41,14.88,34.59
453,kuzino,92,RU,1542487288,90,57.02,26.74,5.7,59.44
454,wilmington,1,US,1542485700,87,39.75,48.92,8.05,-75.55
455,san pedro,0,AR,1542487290,67,-33.68,75.39,17.67,-59.66
456,pedra branca,0,BR,1542487291,28,-5.46,88.12,8.61,-39.72
457,merritt,1,CA,1542484800,55,50.11,37.4,6.93,-120.79
458,buraydah,0,SA,1542484800,100,26.33,60.8,6.93,43.97
459,thrissur,40,IN,1542486600,83,10.53,78.8,5.7,76.21
460,vallenar,0,CL,1542487292,59,-28.58,72.55,2.8,-70.76
461,guayabal,40,CO,1542484800,63,9.4,93.2,8.16,-75.68
462,contai,0,IN,1542487292,100,21.78,77.5,11.41,87.75
463,dingle,8,PH,1542487293,97,11.0,74.13,9.17,122.67
464,wagga wagga,0,AU,1542484800,59,-35.12,60.8,10.29,147.37
465,changji,92,CN,1542487293,100,32.07,45.64,7.72,116.17
466,ambon,90,FR,1542484800,80,47.55,41.0,19.46,-2.56
467,dakar,80,SN,1542487294,100,14.69,75.25,23.49,-17.45
468,moron,80,VE,1542487294,73,10.49,77.41,3.58,-68.2
469,cap malheureux,40,MU,1542484800,83,-19.98,73.4,9.17,57.61
470,bara,0,NG,1542487295,42,10.41,73.27,6.15,10.6
471,soledade,0,BR,1542484800,45,-7.06,84.2,19.46,-36.37
472,orgtrud,92,RU,1542487295,94,56.18,32.41,12.75,40.61
473,camargo,0,MX,1542487296,17,27.69,71.79,6.04,-105.17
474,tutoia,0,BR,1542484800,55,-2.76,86.0,17.22,-42.27
475,honiara,40,SB,1542484800,88,-9.43,77.0,2.8,159.96
476,bandarbeyla,0,SO,1542487297,100,9.49,78.72,14.32,50.81
477,ulladulla,8,AU,1542484800,100,-35.36,55.4,4.7,150.48
478,limoeiro do norte,68,BR,1542487297,30,-5.15,94.47,9.51,-38.1
479,corner brook,90,CA,1542484800,100,48.95,32.0,2.24,-57.95
480,port moresby,40,PG,1542484800,94,-9.47,73.4,3.36,147.16
481,manokwari,92,ID,1542487298,100,-0.87,82.27,5.26,134.08
482,ixtapa,75,MX,1542483780,27,20.71,87.8,11.41,-105.21
483,havelock,1,US,1542484680,49,34.88,62.06,6.93,-76.9
484,truro,0,GB,1542484200,76,50.26,51.8,38.03,-5.05
485,oranjemund,8,ZA,1542487299,92,-28.55,61.08,24.94,16.43
486,den helder,0,NL,1542484500,80,52.96,44.6,13.87,4.76
487,san jose,76,PH,1542487028,98,15.79,70.53,1.9,120.99
488,malanje,92,AO,1542487301,95,-9.54,68.73,2.46,16.35
489,tonantins,20,BR,1542487301,84,-2.86,84.57,2.91,-67.77
490,ugoofaaru,88,MV,1542487302,99,5.67,83.89,8.95,73.0
491,okhotsk,92,RU,1542487302,98,59.36,25.3,10.18,143.24
492,priekule,80,LV,1542486000,75,56.45,44.6,4.7,21.6
493,jorochito,75,BO,1542484800,62,-18.06,87.8,23.04,-63.43
494,high level,90,CA,1542486060,84,58.52,1.4,2.24,-117.13
495,waipawa,64,NZ,1542487303,54,-39.94,63.69,12.75,176.59
496,suntar,0,RU,1542487304,65,62.16,-14.26,4.03,117.65
497,paamiut,24,GL,1542487304,99,61.99,33.31,37.47,-49.67
498,dawei,8,MM,1542487304,95,14.07,73.05,2.01,98.19
499,ouro preto do oeste,36,BR,1542487304,73,-10.75,86.1,2.35,-62.22
500,mount gambier,0,AU,1542487305,81,-37.83,51.76,4.92,140.78
501,salaga,44,GH,1542487305,77,8.55,82.45,8.16,-0.52
502,tinos,92,GR,1542484200,71,37.54,57.2,9.17,25.16
503,nador,68,MA,1542484800,88,35.17,64.4,8.05,-2.93
504,yeppoon,80,AU,1542484800,69,-23.13,77.0,3.36,150.74
505,olinda,40,EC,1542484800,55,-2.03,86.0,4.7,-79.75
506,longyearbyen,75,NO,1542484200,69,78.22,35.6,29.97,15.63
507,ocampo,88,PH,1542487307,99,13.56,77.64,8.72,123.37
508,cape coast,48,GH,1542487307,85,5.11,77.32,3.91,-1.24
509,semenivka,48,UA,1542487307,56,52.18,12.34,2.91,32.58
510,shurugwi,0,ZW,1542487308,43,-19.67,74.13,8.72,30.0
511,saveh,0,IR,1542487308,85,35.02,38.26,2.68,50.36
512,otukpo,68,NG,1542487308,54,7.19,85.69,11.18,8.13
513,dasoguz,0,TM,1542484800,53,41.84,24.8,4.7,59.97
514,mineral wells,1,US,1542485700,40,32.81,70.16,11.41,-98.11
515,presidencia roque saenz pena,80,AR,1542487309,100,-26.79,74.4,11.63,-60.44
516,udachnyy,32,RU,1542487310,63,66.42,-22.54,2.35,112.4
517,raton,1,US,1542484440,47,36.9,44.96,8.05,-104.44
518,chitral,20,PK,1542487310,72,35.85,3.25,1.34,71.79
519,xining,56,CN,1542487310,75,36.62,10.0,2.13,101.77
520,dinguiraye,32,GN,1542487311,52,11.29,77.55,5.37,-10.71
521,cidreira,80,BR,1542487311,60,-30.17,78.27,17.0,-50.22
522,sao paulo de olivenca,24,BR,1542487279,72,-3.38,86.14,2.57,-68.87
523,gorom-gorom,0,BF,1542487312,34,14.45,73.95,7.05,-0.24
524,harper,75,US,1542485700,51,30.3,71.96,12.75,-99.24
525,tromso,75,NO,1542484200,86,69.65,37.4,8.05,18.96
526,mandurah,90,AU,1542484800,82,-32.55,62.6,6.93,115.7
527,kysyl-syr,0,RU,1542487314,77,63.9,-17.63,5.37,122.77
528,oussouye,88,SN,1542487314,95,12.49,79.75,24.49,-16.54
529,shalinskoye,12,RU,1542487315,63,55.72,-14.53,2.68,93.76
530,tshane,88,BW,1542487315,18,-24.02,80.97,3.58,21.87
531,henties bay,0,NA,1542487315,93,-22.12,62.34,5.26,14.28
532,pavlodar,90,KZ,1542484800,100,52.28,21.2,8.95,76.96
533,ribnitz-damgarten,20,DE,1542486000,81,54.24,32.0,4.7,12.43
534,yichun,68,CN,1542487316,77,47.72,6.54,2.35,128.88
535,fayaoue,64,NC,1542487316,100,-20.65,73.99,10.18,166.53
536,channelview,75,US,1542485700,52,29.78,73.04,6.93,-95.11
537,jieshi,80,CN,1542487317,100,22.82,69.67,15.66,115.83
538,hofn,92,IS,1542487318,93,64.25,46.72,14.43,-15.21
539,alice springs,56,AU,1542484800,72,-23.7,66.2,6.93,133.88
540,agirish,88,RU,1542487318,92,61.92,24.85,5.37,63.02
541,metsavan,32,GE,1542484800,79,41.2,26.6,2.24,44.23
542,kovdor,88,RU,1542487319,82,67.56,34.66,11.18,30.47
543,bulungu,8,CD,1542487320,95,-4.54,71.79,2.8,18.6
544,micoud,20,LC,1542484800,74,13.82,84.2,23.04,-60.9
545,sungai padi,90,TH,1542484800,94,6.09,75.2,3.36,101.88
546,vestmanna,0,FO,1542484200,87,62.16,46.4,18.34,-7.17
547,port lincoln,0,AU,1542487321,90,-34.72,62.11,13.2,135.86
548,esso,12,RU,1542487321,51,55.93,-6.16,2.24,158.7
549,beringovskiy,76,RU,1542487321,100,63.05,25.53,24.83,179.32
550,chattanooga,40,US,1542484500,40,35.05,64.4,2.91,-85.31
551,alamosa,1,US,1542484320,29,37.47,46.04,6.6,-105.87
552,wahiawa,75,US,1542484620,84,21.5,80.06,6.93,-158.02
553,steinbach,20,CA,1542484800,61,49.53,14.0,16.11,-96.69
554,jeremie,24,HT,1542487324,98,18.65,81.42,4.36,-74.12
555,mosquera,40,CO,1542484800,60,4.71,68.0,5.82,-74.23
556,lahaina,90,US,1542485520,93,20.87,77.0,13.87,-156.68
557,aksarka,92,RU,1542487325,89,66.56,13.38,18.68,67.8
558,hay river,90,CA,1542484800,84,60.82,3.2,3.36,-115.79
559,dali,0,CN,1542487326,100,25.6,35.92,2.57,100.24
560,kamaishi,0,JP,1542487326,97,39.28,28.81,3.58,141.86
561,caohe,68,CN,1542487326,88,32.93,23.59,1.79,105.08
562,manzhouli,0,CN,1542487327,58,49.6,0.64,7.94,117.43
563,clarence town,40,AU,1542484800,68,-32.59,66.2,10.29,151.78
564,dzerzhinskoye,80,RU,1542487327,84,56.84,2.89,2.57,95.22
565,aklavik,75,CA,1542484800,83,68.22,-0.41,10.29,-135.01
566,denpasar,20,ID,1542484800,94,-8.65,80.6,1.34,115.22
567,verkh-usugli,0,RU,1542487328,50,52.7,-5.26,6.04,115.17
568,eston,20,CA,1542484800,67,51.15,19.4,19.46,-108.75
569,monrovia,75,LR,1542484800,94,6.33,78.8,5.93,-10.8
570,jardim,64,BR,1542487329,72,-21.48,85.83,8.39,-56.15
571,kon tum,76,VN,1542487329,94,14.36,67.42,2.13,108.0
572,bukachacha,0,RU,1542487330,43,52.99,-1.79,5.59,116.91
573,morant bay,75,JM,1542484800,58,17.88,87.8,8.05,-76.41
574,taoudenni,12,ML,1542487330,47,22.68,60.4,5.93,-3.98
575,tigre,40,AR,1542484800,64,-34.42,73.4,6.93,-58.58
576,bahia blanca,0,AR,1542487209,71,-38.72,61.8,19.69,-62.27
577,garwolin,0,PL,1542484800,84,51.9,32.0,5.82,21.61
578,caala,8,AO,1542487332,93,-12.85,59.28,1.68,15.56
579,brownsville,75,US,1542484920,71,25.91,78.08,12.75,-97.49
580,labuan,75,BN,1542484800,94,5.28,75.2,2.24,115.24
